[
  {
    "_id": "Stream-Data-Lake-Metadata",
    "_type": "dashboard",
    "_source": {
      "title": "Stream Data Lake Metadata",
      "hits": 0,
      "description": "",
      "panelsJSON": "[{\"col\":1,\"id\":\"Geo-Location-of-customers\",\"panelIndex\":1,\"row\":1,\"size_x\":12,\"size_y\":4,\"type\":\"visualization\"},{\"col\":1,\"id\":\"TopSellingProduct\",\"panelIndex\":2,\"row\":5,\"size_x\":7,\"size_y\":4,\"type\":\"visualization\"},{\"id\":\"Age-Group-wise-Revenue\",\"type\":\"visualization\",\"panelIndex\":3,\"size_x\":5,\"size_y\":4,\"col\":8,\"row\":5}]",
      "optionsJSON": "{\"darkTheme\":false}",
      "uiStateJSON": "{\"P-1\":{\"mapCenter\":[37.64903402157866,-96.8994140625]}}",
      "version": 1,
      "timeRestore": false,
      "kibanaSavedObjectMeta": {
        "searchSourceJSON": "{\"filter\":[{\"query\":{\"query_string\":{\"analyze_wildcard\":true,\"query\":\"*\"}}}]}"
      }
    }
  },
  {
    "_id": "TopSellingProduct",
    "_type": "visualization",
    "_source": {
      "title": "TopSellingProduct",
      "visState": "{\"title\":\"TopSellingProduct\",\"type\":\"line\",\"params\":{\"shareYAxis\":true,\"addTooltip\":true,\"addLegend\":true,\"legendPosition\":\"right\",\"showCircles\":true,\"smoothLines\":false,\"interpolate\":\"linear\",\"scale\":\"linear\",\"drawLinesBetweenPoints\":true,\"radiusRatio\":9,\"times\":[],\"addTimeMarker\":false,\"defaultYExtents\":false,\"setYExtents\":false,\"yAxis\":{}},\"aggs\":[{\"id\":\"1\",\"enabled\":true,\"type\":\"avg\",\"schema\":\"metric\",\"params\":{\"field\":\"COUNT_ORDERS\"}},{\"id\":\"2\",\"enabled\":true,\"type\":\"date_histogram\",\"schema\":\"segment\",\"params\":{\"field\":\"HOUR_MINUTE\",\"interval\":\"auto\",\"customInterval\":\"2h\",\"min_doc_count\":1,\"extended_bounds\":{},\"customLabel\":\"timestamp per minute\"}},{\"id\":\"3\",\"enabled\":true,\"type\":\"terms\",\"schema\":\"group\",\"params\":{\"field\":\"SKU.keyword\",\"size\":5,\"order\":\"desc\",\"orderBy\":\"1\"}}],\"listeners\":{}}",
      "uiStateJSON": "{}",
      "description": "",
      "version": 1,
      "kibanaSavedObjectMeta": {
        "searchSourceJSON": "{\"index\":\"stream-metadata\",\"query\":{\"query_string\":{\"query\":\"*\",\"analyze_wildcard\":true}},\"filter\":[]}"
      }
    }
  },
  {
    "_id": "Geo-Location-of-customers",
    "_type": "visualization",
    "_source": {
      "title": "Geo-Location of customers",
      "visState": "{\"title\":\"Geo-Location of customers\",\"type\":\"tile_map\",\"params\":{\"mapType\":\"Scaled Circle Markers\",\"isDesaturated\":true,\"addTooltip\":true,\"heatMaxZoom\":16,\"heatMinOpacity\":0.1,\"heatRadius\":25,\"heatBlur\":15,\"heatNormalizeData\":true,\"legendPosition\":\"bottomright\",\"mapZoom\":2,\"mapCenter\":[15,5],\"wms\":{\"enabled\":true,\"url\":\"https://basemap.nationalmap.gov/arcgis/services/USGSTopo/MapServer/WMSServer\",\"options\":{\"version\":\"1.3.0\",\"layers\":\"0\",\"format\":\"image/png\",\"transparent\":true,\"attribution\":\"Maps provided by USGS\",\"styles\":\"\"}}},\"aggs\":[{\"id\":\"1\",\"enabled\":true,\"type\":\"count\",\"schema\":\"metric\",\"params\":{}},{\"id\":\"2\",\"enabled\":true,\"type\":\"geohash_grid\",\"schema\":\"segment\",\"params\":{\"field\":\"GEOLOCATION\",\"autoPrecision\":true}}],\"listeners\":{}}",
      "uiStateJSON": "{\"mapCenter\":[37.64903402157866,-96.94335937499999],\"mapZoom\":4}",
      "description": "",
      "version": 1,
      "kibanaSavedObjectMeta": {
        "searchSourceJSON": "{\"index\":\"stream-metadata\",\"query\":{\"query_string\":{\"query\":\"*\",\"analyze_wildcard\":true}},\"filter\":[]}"
      }
    }
  },
  {
    "_id": "Age-Group-wise-Revenue",
    "_type": "visualization",
    "_source": {
      "title": "Age Group wise Revenue",
      "visState": "{\"title\":\"Age Group wise Revenue\",\"type\":\"line\",\"params\":{\"shareYAxis\":true,\"addTooltip\":true,\"addLegend\":true,\"legendPosition\":\"right\",\"showCircles\":true,\"smoothLines\":false,\"interpolate\":\"linear\",\"scale\":\"linear\",\"drawLinesBetweenPoints\":true,\"radiusRatio\":9,\"times\":[],\"addTimeMarker\":false,\"defaultYExtents\":false,\"setYExtents\":false,\"yAxis\":{}},\"aggs\":[{\"id\":\"1\",\"enabled\":true,\"type\":\"sum\",\"schema\":\"metric\",\"params\":{\"field\":\"COUNT_CUSTOMERS\",\"customLabel\":\"Revenue\"}},{\"id\":\"2\",\"enabled\":true,\"type\":\"date_histogram\",\"schema\":\"segment\",\"params\":{\"field\":\"HOUR_MINUTE\",\"interval\":\"auto\",\"customInterval\":\"2h\",\"min_doc_count\":1,\"extended_bounds\":{},\"customLabel\":\"timestamp per minute\"}},{\"id\":\"3\",\"enabled\":true,\"type\":\"terms\",\"schema\":\"group\",\"params\":{\"field\":\"AGE_GRP_CATEGORY.keyword\",\"size\":5,\"order\":\"desc\",\"orderBy\":\"1\"}}],\"listeners\":{}}",
      "uiStateJSON": "{}",
      "description": "",
      "version": 1,
      "kibanaSavedObjectMeta": {
        "searchSourceJSON": "{\"index\":\"stream-metadata\",\"query\":{\"query_string\":{\"query\":\"*\",\"analyze_wildcard\":true}},\"filter\":[]}"
      }
    }
  }
]